,count,unique,top,freq,mean,std,min,25%,50%,75%,max
Hours_Studied,10000.0,,,,4.9929,2.5893087961856156,1.0,3.0,5.0,7.0,9.0
Previous_Scores,10000.0,,,,69.4457,17.343152251047105,40.0,54.0,69.0,85.0,99.0
Extracurricular_Activities,10000,2,No,5052,,,,,,,
Sleep_Hours,10000.0,,,,6.5306,1.6958629765177113,4.0,5.0,7.0,8.0,9.0
Sample_Question_Papers_Practiced,10000.0,,,,4.5833,2.867347777708144,0.0,2.0,5.0,7.0,9.0
Performance_Index,10000.0,,,,55.2248,19.212557799463344,10.0,40.0,55.0,71.0,100.0
